"업종명","업소명","소재지(도로명)","소재지전화"
"휴게음식점","바다커피숍","부산광역시 수영구 남천동로 103 (남천동)","051-625-5955"
"휴게음식점","경진커피","부산광역시 수영구 수영로 606, 지하1층 (광안동)","051-753-0342"
"휴게음식점","미화커피숍","부산광역시 수영구 수영로725번길 10 (수영동)","051-752-0825"
"휴게음식점","약속","부산광역시 수영구 망미로8번길 96 (망미동)","051-754-1463"
"휴게음식점","한일","부산광역시 수영구 수영로 687 (광안동)","051-755-3052"
"휴게음식점","누구나","부산광역시 수영구 광안로7번길 34 (광안동)","051-751-6549"
"휴게음식점","오렌지다실","부산광역시 수영구 민락본동로19번길 68, 지하 1층 (민락동)","051-755-5877"
"휴게음식점","동남","부산광역시 수영구 과정로 40, 2층 (망미동)","051-761-3300"
"휴게음식점","공차 광안리점","부산광역시 수영구 광안해변로 233, 1~3층 (민락동)",""
"휴게음식점","스타벅스광안리점","부산광역시 수영구 광안해변로 247, 1~3층 (민락동)","051-761-1844"
"휴게음식점","CAFFE MISO(까페미소)","부산광역시 수영구 수영로 493 (남천동)","051-612-0009"
"휴게음식점","하나커피숖","부산광역시 수영구 과정로 3 (망미동)","051-751-2199"
"휴게음식점","파스쿠찌광안리점","부산광역시 수영구 광안해변로 241, 1~4층 (민락동)","051-752-8497"
"휴게음식점","스타벅스 남천점","부산광역시 수영구 남천바다로 38, 1,2,3층 (남천동)","051-621-9234"
"휴게음식점","커피향기","부산광역시 수영구 광안해변로15번길 77 (남천동, 남천해변시장)","051-611-3529"
"휴게음식점","카페플로스(Cafe flos)","부산광역시 수영구 수영로 405 (남천동)",""
"휴게음식점","에코토피아","부산광역시 수영구 수영로408번길 30-6, 1층 (남천동)","051-628-2802"
"휴게음식점","빈스빈스커피(광안점)","부산광역시 수영구 광안해변로 155, 2층 (광안동)","051-752-1995"
"휴게음식점","탐앤탐스","부산광역시 수영구 광안해변로278번길 42 (민락동)","051-756-5002"
"휴게음식점","할리스커피 부산광안해변점","부산광역시 수영구 광안해변로 251, 1층~2층 (민락동)",""
"휴게음식점","나디아컵케이크&커피","부산광역시 수영구 광안로 13-1, 1층 (광안동)","051-731-6523"
"휴게음식점","팔월애","부산광역시 수영구 연수로315번길 24, 104호 (망미동, 더샵파크리치)",""
"휴게음식점","이디야","부산광역시 수영구 황령대로489번길 11, 1층 (남천동)","051-622-2010"
"휴게음식점","할리스수영로터리점","부산광역시 수영구 수영로 710-1, 2층 (광안동, 프라임데디칼)","070-4239-7541"
"휴게음식점","카페꼬레","부산광역시 수영구 황령산로 10 (남천동)","051-612-2492"
"휴게음식점","베리굿(Very good)","부산광역시 수영구 광서로16번길 23, 1층 110호 (광안동, 동원아파트)",""
"휴게음식점","더그레인(TheGrain)","부산광역시 수영구 광남로 99-1 (광안동,(지상1층))","051-757-1658"
"휴게음식점","설빙 민락점","부산광역시 수영구 광안해변로278번길 42 (민락동)","051-756-2288"
"휴게음식점","이커피(E-COFFEE)","부산광역시 수영구 민락수변로 141, 1~2층 (민락동)","051-759-8497"
"휴게음식점","이디야","부산광역시 수영구 수영로 706 (광안동)","051-758-6386"
"휴게음식점","찰스네 커피하우스(찰스네 COFFEE HOUSE)","부산광역시 수영구 무학로9번길 37 (광안동)","051-755-0311"
"휴게음식점","커피구루마","부산광역시 수영구 무학로9번길 90 (광안동)","070-8628-8783"
"휴게음식점","컴포즈커피 광안점","부산광역시 수영구 남천동로108번길 34, 1층 (남천동)",""
"휴게음식점","미스터.브리즈 커피 광안역점","부산광역시 수영구 수영로 559, 1층 (광안동)","051-753-3346"
"휴게음식점","레드빈 눈꽃빙수","부산광역시 수영구 수영로384번길 19, 1층 11호 (남천동, 남천파크상가동)","051-624-8253"
"휴게음식점","레드빈","부산광역시 수영구 망미로22번길 52-2, 1층 (망미동)","051-751-7494"
"휴게음식점","스미스광안점","부산광역시 수영구 광안해변로255번길 5, 1-2(일부)층 (민락동)","051-757-6673"
"휴게음식점","초록식탁","부산광역시 수영구 과정로 62-2, 1층 (망미동)","070-8613-5465"
"휴게음식점","이디야","부산광역시 수영구 광남로 152, 1층 (광안동)","051-758-9049"
"휴게음식점","이디야","부산광역시 수영구 광남로 16, 1층 (남천동)","070-8839-0014"
"휴게음식점","부산수영지역자활센터 카페수","부산광역시 수영구 남천동로 100, 1층 (남천동, 수영구청내)","051-757-8789"
"휴게음식점","바오공방","부산광역시 수영구 남천동로24번길 22, 1층 (남천동)","051-623-0210"
"휴게음식점","몰로","부산광역시 수영구 황령대로489번길 49, 1~2층 (남천동)","051-905-0777"
"휴게음식점","커피 클라우드","부산광역시 수영구 망미로22번길 60, 1층 (망미동)",""
"휴게음식점","땡스(Thanks)커피","부산광역시 수영구 수영로725번길 34, 1층 (수영동)","070-4335-7814"
"휴게음식점","이디야광안역점","부산광역시 수영구 수영로588번길 7, 1층 101,107호 (광안동)","051-754-0557"
"휴게음식점","엘리(Alley)402","부산광역시 수영구 수영로402번길 10, 1층 (남천동)","051-626-4215"
"휴게음식점","메가커피 광안시장점","부산광역시 수영구 수영로603번길 4, 1층 (광안동)","051-756-1114"
"휴게음식점","남천카페","부산광역시 수영구 남천동로19번길 23, 1층 (남천동)","051-623-7200"
"휴게음식점","베이커리 카페 네모","부산광역시 수영구 수영로 681, 1층 (광안동)",""
"휴게음식점","카페드파리","부산광역시 수영구 광안해변로 141, 4동 1층 101,102호 (남천동, 협진태양@상가)","051-612-7131"
"휴게음식점","송정동핫도그 수영로점","부산광역시 수영구 수영로 628, 1층 (광안동)",""
"휴게음식점","커피크루(coffee crew)","부산광역시 수영구 수영로464번길 24, 1층 (남천동)",""
"휴게음식점","킹프레소 남천점","부산광역시 수영구 수영로 379, 1층 (남천동)","051-517-9090"
"휴게음식점","블랙베어도넛 부산","부산광역시 수영구 수영로594번길 28, 1층 (광안동)",""
"휴게음식점","이디야 수영강변점","부산광역시 수영구 광안해변로 446, 104동 109호 (민락동, 경동센텀메르빌)","051-761-1472"
"휴게음식점","요거프레소 광안점","부산광역시 수영구 광안로 4, 106동 1층 107호 (광안동, 광안SK뷰 상가)","051-761-0040"
"휴게음식점","아라커피","부산광역시 수영구 광안해변로 311, 126호 (민락동, 서희스타힐스 센텀프리모)",""
"휴게음식점","백설커피숍","부산광역시 수영구 연수로 365 (수영동)",""
"휴게음식점","더벤티 남천점","부산광역시 수영구 수영로384번길 44, 1층 (남천동)",""
"휴게음식점","띵스투두(THINGS TO DO)","부산광역시 수영구 연수로379번길 27, 1층 (수영동)",""
"휴게음식점","카페테라","부산광역시 수영구 장대골로39번길 3, 1층 102호 (광안동)",""
"휴게음식점","쿠아루아 로스터즈","부산광역시 수영구 황령산로8번길 52, 1층 (남천동)",""
"휴게음식점","스타벅스 수영망미DT점","부산광역시 수영구 과정로 68, 1, 2층 (망미동)","051-757-2209"
"휴게음식점","모토커피","부산광역시 수영구 과정로 16, 1층 (망미동)","051-753-7536"
"휴게음식점","빈빈","부산광역시 수영구 남천서로 20, 1층 (남천동)",""
"휴게음식점","이디야 망미역점","부산광역시 수영구 연수로 335-1, 1,2층 (망미동)",""
"휴게음식점","컴포즈커피 남천점","부산광역시 수영구 남천동로 36, 1층 102호 (남천동)","051-611-7412"
"휴게음식점","어바웃제이","부산광역시 수영구 수영로408번길 29, 1층 (남천동)","051-991-7620"
"휴게음식점","파스쿠찌 부산남천점","부산광역시 수영구 황령대로 487, 1~2층 (남천동)","051-611-8497"
"휴게음식점","쥬씨 광안쌍용점","부산광역시 수영구 광안로 20, 109동 118-1호 (광안동, 쌍용예가디오션)",""
"휴게음식점","스타벅스 광안비치","부산광역시 수영구 광안로62번길 39, 101,201~203호 (광안동)","051-761-3307"
"휴게음식점","위드유케이크","부산광역시 수영구 광안로16번길 36, 101호 (광안동, CJ빌)",""
"휴게음식점","테라로사커피팩토리1963 수영점","부산광역시 수영구 구락로123번길 20, 1층 (망미동)","033-648-2760"
"휴게음식점","컴포즈커피","부산광역시 수영구 수영로 706-1, 1층 (광안동)",""
"휴게음식점","컴포즈커피 남천해변시장점","부산광역시 수영구 황령대로489번길 27 (남천동)","051-612-5596"
"휴게음식점","프리젠트","부산광역시 수영구 황령산로 31, 지하1,1,2층 (남천동)","070-7863-5066"
"휴게음식점","이디야커피 부산비치그린점","부산광역시 수영구 광일로 49, 109동 208호 (광안동)","051-761-1311"
"휴게음식점","이디야 수영현대점","부산광역시 수영구 구락로10번길 23, 1층 (수영동)","051-757-6490"
"휴게음식점","카페망미 키치코코모 가죽공방","부산광역시 수영구 과정로42번길 50, 103동 101호 (망미동)",""
"휴게음식점","카페시누(Cafe sinu)","부산광역시 수영구 민락로6번길 51, 103호 (민락동)",""
"휴게음식점","트와이스본(Twice-Born)","부산광역시 수영구 수영로 711, 2층 202호 (수영동)","051-758-7772"
"휴게음식점","커피 광안184","부산광역시 수영구 광남로83번길 4, 1층 (광안동)",""
"휴게음식점","더리터 남천점","부산광역시 수영구 수영로 466, 1층 (남천동)","051-611-6114"
"휴게음식점","비(B)바리스타","부산광역시 수영구 연수로416번길 8, 1층 (광안동)",""
"휴게음식점","스타벅스 수영역점","부산광역시 수영구 수영로 671, 1층 (광안동)","051-756-3410"
"휴게음식점","스타벅스 금련산역점","부산광역시 수영구 수영로464번길 6, 1~2층 (남천동)",""
"휴게음식점","스푼PC방","부산광역시 수영구 황령대로489번길 22, 3층 (남천동)",""
"휴게음식점","모월모일","부산광역시 수영구 연수로324번길 5, 1층 (망미동)",""
"휴게음식점","뉴아쥬앤 모찌꼬","부산광역시 수영구 광안로49번길 25, 1층 (광안동)","051-914-0894"
"휴게음식점","카페안낭","부산광역시 수영구 광남로 151, 1층 (광안동)",""
"휴게음식점","젤라떼리아 사우스브룩(Gelateria South Brook)","부산광역시 수영구 남천동로108번길 43, 1층 (남천동)",""
"휴게음식점","소프트커피","부산광역시 수영구 수영로603번길 18, 1층 4호 (광안동, 광안상가)",""
"휴게음식점","투썸플레이스 부산광안역점","부산광역시 수영구 수영로582번길 10, 109~114호 (광안동)",""
"휴게음식점","써니데일","부산광역시 수영구 수영로660번길 27, 1층 (광안동)","070-4078-4728"
"휴게음식점","카페인동네(caffeine dongne)","부산광역시 수영구 망미번영로70번길 26, 1층 (수영동)",""
"휴게음식점","모구모구인광안리","부산광역시 수영구 광안로49번길 27 (광안동)",""
"휴게음식점","푸르른","부산광역시 수영구 연수로357번길 35, 1층 (수영동)","051-752-9862"
"휴게음식점","릴리케이크(cafe)","부산광역시 수영구 수영로388번길 25-11, 1층 (남천동)",""
"휴게음식점","수기획","부산광역시 수영구 수영로408번길 65, 상가동 9호 (남천동)","051-622-5946"
"휴게음식점","(주)커피빈코리아 부산수영역점","부산광역시 수영구 수영로 667, 1층 (광안동)","051-759-9046"
"휴게음식점","더리터 수영점","부산광역시 수영구 수영로 398, 1층 (남천동)",""
"휴게음식점","할리스 부산광안대교점","부산광역시 수영구 광안해변로 217, 1층 (광안동)","051-754-9985"
"휴게음식점","딥슬립커피","부산광역시 수영구 수영로 663, 1층 (광안동)",""
"휴게음식점","킹프레소 수영점","부산광역시 수영구 연수로415번길 6, 1층 (수영동)","051-997-1007"
"휴게음식점","테라로사커피팩토리1963(yes24)","부산광역시 수영구 구락로123번길 20, 1층 yes24내호 (망미동)",""
"휴게음식점","스타호텔(휴게)","부산광역시 수영구 광안해변로284번길 3, 1층 (민락동)","051-761-1800"
"휴게음식점","디저트39 부산남천점","부산광역시 수영구 황령대로473번길 15, 103~104호 (남천동)",""
"휴게음식점","유위(YUWE)","부산광역시 수영구 망미번영로70번길 48, 1층 (수영동)",""
"휴게음식점","아티네(ARTEANE)","부산광역시 수영구 남천바다로21번길 13, 1층 (광안동)",""
"휴게음식점","두소녀","부산광역시 수영구 수영로594번길 72, 1층 (광안동)",""
"휴게음식점","피크닉","부산광역시 수영구 수영로510번길 40, 1층 (광안동)",""
"휴게음식점","컴포즈커피 수영로점","부산광역시 수영구 수영로 641, 101동 104호 (광안동, 힐탑더블시티)",""
"휴게음식점","포하프(Fourhalf)","부산광역시 수영구 수영로 763-1, 2층 (수영동)",""
"휴게음식점","제제","부산광역시 수영구 남천서로 29-1, 1층 (남천동)",""
"휴게음식점","컴포즈커피(Compose Coffee) 광안시장점","부산광역시 수영구 수영로 609, 1층 (광안동)","051-931-6563"
"휴게음식점","쿰(Koum)","부산광역시 수영구 광안해변로 122, 비치아파트 비상가 205호 (남천동)",""
"휴게음식점","(주)푸조와곰솔","부산광역시 수영구 수영성로32번길 28, 1층 (수영동)","051-757-3201"
"휴게음식점","다사동","부산광역시 수영구 장대골로19번길 20, 101호 (광안동, 협성엠파이어아파트)",""
"휴게음식점","필소굿커피","부산광역시 수영구 광안해변로 44, 남천 마리나 3~4층 (남천동)","051-612-0092"
"휴게음식점","달리는커피","부산광역시 수영구 무학로33번길 9, 1층 (광안동)","051-755-7009"
"휴게음식점","공간,성","부산광역시 수영구 광안해변로307번길 36, 1층 (민락동)",""
"휴게음식점","에그박스 부산광안점","부산광역시 수영구 광일로 23, 1층 (광안동)",""
"휴게음식점","카페051 수영점","부산광역시 수영구 연수로 409, 1층 (수영동)",""
"휴게음식점","운디아","부산광역시 수영구 구락로57번길 14, 1층 (수영동)","051-755-0304"
"휴게음식점","시로네(sirone)","부산광역시 수영구 망미번영로60번길 14, 1층 (수영동)",""
"휴게음식점","일여당","부산광역시 수영구 좌수영로125번길 20, 2층 (망미동)",""
"휴게음식점","카페 더 안(caffe de Ann)","부산광역시 수영구 수영로 480, 씨드이 빌딩 2층 (남천동)","051-610-9744"
"휴게음식점","카와바타(KAWABATA)","부산광역시 수영구 수미로 80-1, 1층 (수영동)",""
"휴게음식점","스타벅스 광안수변공원점","부산광역시 수영구 민락수변로 29, 민락동 바다마루 103,104A,104B호 (민락동)","051-754-3590"
"휴게음식점","애니펫애견카페","부산광역시 수영구 망미로7번길 69 (광안동)","051-755-1312"
"휴게음식점","카페오뜨","부산광역시 수영구 광안해변로 209, 2~3층 (광안동)",""
"휴게음식점","카페051 남천점","부산광역시 수영구 남천동로10번길 10, 105호 (남천동, 라움팰리스)","051-624-0510"
"휴게음식점","낙원다방","부산광역시 수영구 망미번영로55번길 40 (망미동)",""
"휴게음식점","그린노마드","부산광역시 수영구 좌수영로 161-10, 1층 (망미동)",""
"휴게음식점","크림(krim)","부산광역시 수영구 수영로554번가길 23, 1~2층 (광안동)","051-751-7373"
"휴게음식점","아홉시커피(coffee)","부산광역시 수영구 수영로725번길 35, 2층 (수영동)",""
"휴게음식점","에이엠(AM) 아홉시커피","부산광역시 수영구 수영로725번길 35, 3층 (수영동)",""
"휴게음식점","메이시스(maysis)","부산광역시 수영구 연수로357번길 8, 1층 (수영동)",""
"휴게음식점","고래커피 로스터스","부산광역시 수영구 과정로16번길 20, 1층 (망미동)",""
"휴게음식점","하삼동커피 수영구청점","부산광역시 수영구 광남로 36, 1층 (남천동)","051-623-5333"
"휴게음식점","길다란","부산광역시 수영구 남천동로24번길 19, 1층 (남천동)",""
"휴게음식점","산이네요거트","부산광역시 수영구 망미배산로76번가길 24, 1층 (망미동)",""
"휴게음식점","카페제곱","부산광역시 수영구 수영로384번길 39, 청운빌딩 1층 (남천동)",""
"휴게음식점","잇츠테이블","부산광역시 수영구 장대골로31번길 21, 1층 (광안동)",""
"휴게음식점","마들린느","부산광역시 수영구 망미로28번길 61, 1층 (망미동)",""
"휴게음식점","녹아내려","부산광역시 수영구 수영로554번가길 12, 1~2층 (광안동)",""
"휴게음식점","플레이스38커피(PLACE38COFFEE)","부산광역시 수영구 수영로 644, 1층 (광안동)",""
"휴게음식점","제이크(J.ake)","부산광역시 수영구 망미번영로60번길 16, 1층 (수영동)",""
"휴게음식점","아름카페(cafe)","부산광역시 수영구 망미배산로18번길 14, 101호 (망미동, 디아이라뷰)",""
"휴게음식점","빨라쪼 젤라또 수영점","부산광역시 수영구 연수로 374, 1층 (광안동)","051-753-7676"
"휴게음식점","대런즈가든(DARREN'S GARDEN)","부산광역시 수영구 남천바다로 20, 세종 엠스테이 본건물동 103호 (남천동)",""
"휴게음식점","레토(Leto)","부산광역시 수영구 광남로 55, 상가6동 1층 2-2호 (남천동, 백산)",""
"휴게음식점","한민이의 마크로비오틱","부산광역시 수영구 수영로522번길 41, 1층 (광안동)",""
"휴게음식점","1인사무소","부산광역시 수영구 광남로 55, 상가6동 2층 3-1/3-2호 (남천동, 백산)",""
"휴게음식점","페이버 커피","부산광역시 수영구 망미번영로70번길 68, 1층 (수영동)",""
"휴게음식점","감성커피 수영점","부산광역시 수영구 무학로9번길 141, 더 폼타워 108호 (광안동)","051-754-6184"
"휴게음식점","H 수소수 카페","부산광역시 수영구 수영로 759, 알파오피스텔 지하1층 (수영동)",""
"휴게음식점","찐다방망미점","부산광역시 수영구 망미번영로 33, 1층 (광안동)",""
"휴게음식점","헤이유","부산광역시 수영구 수영로554번가길 26, 1층 (광안동)",""
"휴게음식점","해피히히(Happy hehe)","부산광역시 수영구 광안로21번길 7, 1층 (광안동)",""
"휴게음식점","다락방","부산광역시 수영구 수영로606번길 7, 1층 (광안동)",""
"휴게음식점","웅스크림 잡화점","부산광역시 수영구 광남로 168, 1층 (민락동)",""
"휴게음식점","스콘팩토리","부산광역시 수영구 광남로83번길 34, 건왕파크2 1층 (광안동)",""
"휴게음식점","컴포즈커피 센텀비스타점","부산광역시 수영구 무학로63번길 142, 401동 102-1호 (민락동, 센텀비스타동원2차)","051-755-9066"
"휴게음식점","메가엠지씨커피 센텀비스타점","부산광역시 수영구 무학로63번길 142, 401동 108호 (민락동, 센텀비스타동원2차)","051-752-5060"
"휴게음식점","우드랜드","부산광역시 수영구 광남로 237-1, 1층 (민락동)",""
"휴게음식점","일상다과사","부산광역시 수영구 무학로49번길 71, 4092동 '점포'호 (광안동)",""
"휴게음식점","컴포즈커피 민락점","부산광역시 수영구 광안해변로 311, 서희스타힐스 센텀프리모 1층 117호 (민락동)",""
"휴게음식점","풀282","부산광역시 수영구 수영로510번길 54, 102호 (광안동, 승우)",""
"휴게음식점","예퓨리네","부산광역시 수영구 망미번영로70번길 149, 1층 (수영동)",""
"휴게음식점","무드모어(mood more)","부산광역시 수영구 수영로618번길 32-7, 1층 (광안동)",""
"휴게음식점","더벤티 수영구청점","부산광역시 수영구 광남로 45, 1층 (남천동)",""
"휴게음식점","골드네트(GOLDNET)","부산광역시 수영구 수영로 지하 677, 도시철도 수영역 지하1층 (광안동)",""
"휴게음식점","떼조로","부산광역시 수영구 수미로42번길 2, 1층 (수영동)",""
"휴게음식점","수영성무예카페","부산광역시 수영구 수영로705번길 37-29, 103호 (수영동, 부일그린빌라)",""
"휴게음식점","메가커피 광안자이점","부산광역시 수영구 호암로29번길 63, 1층 (광안동)",""
"휴게음식점","메가엠지씨커피(수영구청점)","부산광역시 수영구 광남로48번길 5, 1층 (남천동)",""
"휴게음식점","그앞","부산광역시 수영구 연수로357번길 25, 1층 (수영동)",""
"휴게음식점","광안자모병원","부산광역시 수영구 수영로 555, 자모병원 1층 (광안동)","051-760-0526"
"휴게음식점","부산수영지역자활센터 카페수3호점","부산광역시 수영구 수영로521번길 77, 1층 (광안동)","051-757-4034"
"휴게음식점","사계절","부산광역시 수영구 수영로521번길 23, 1층 (광안동)",""
"휴게음식점","크렘부티크(CREME BOUTIQUE)","부산광역시 수영구 수영로606번길 73, 1층 101호 (광안동, 이린타워빌8)",""
"휴게음식점","cafe' 애니띵","부산광역시 수영구 남천바다로9번길 8, 1층 (광안동)",""
"휴게음식점","잭스빈커피(Jack's Bean Coffee)","부산광역시 수영구 수영로 563-1, 1층 (광안동)",""
"휴게음식점","망미제과","부산광역시 수영구 구락로 90, 1층 100-1호 (망미동, 복음)",""
"휴게음식점","팔공티 남천점","부산광역시 수영구 수영로408번길 17, 1층 (남천동)","051-621-8090"
"휴게음식점","엘리펀트 커피 브루어스","부산광역시 수영구 과정로67번길 42, 1층 (망미동)",""
"휴게음식점","텐퍼센트커피 수영구청점","부산광역시 수영구 남천동로 110, 1층 (남천동)","051-990-4097"
"휴게음식점","공차 메가마트남천점","부산광역시 수영구 황령대로 521, 메가마트 남천점 1층 (남천동)",""
"휴게음식점","보보 커피앤아틀리에(BoBo coffee&artlier)","부산광역시 수영구 광안해변로 420, 상가동 2층 207호 (민락동)",""
"휴게음식점","엠엘케이(MLK)","부산광역시 수영구 광안로49번길 26-1, 1층 (광안동)",""
"휴게음식점","에스커피(S-Coffee)","부산광역시 수영구 황령대로 499, 101호 (남천동, 남천동 대우포르투나)",""
"휴게음식점","베러먼데이 수영역점","부산광역시 수영구 연수로416번길 2, 1층 (광안동)",""
"휴게음식점","투썸플레이스 광안비치점","부산광역시 수영구 광안해변로 165, 광안지웰 에스테이트 101호 (광안동)",""
"휴게음식점","하삼동 광안점","부산광역시 수영구 광안로45번길 2, 103호 (광안동, 광안비취빌리지)",""
"휴게음식점","고래2.0커피","부산광역시 수영구 민락로6번길 28, 1층 (민락동)","051-757-7329"
"휴게음식점","모도리베이글","부산광역시 수영구 무학로64번길 39, 1층 (민락동)",""
"휴게음식점","하삼동 수영점","부산광역시 수영구 수영로 691-10, 1층 (수영동)",""
"휴게음식점","이디야 부산수변공원점","부산광역시 수영구 광안해변로344번길 17-9, 1층 101호 (민락동)","051-752-5757"
"휴게음식점","타타에스프레소바(Tata espresso bar)","부산광역시 수영구 무학로33번길 57, 1층 (광안동)",""
"휴게음식점","빌라드엘르 광안리","부산광역시 수영구 광안로49번길 25-1, 1층 (광안동)",""
"휴게음식점","빵고래","부산광역시 수영구 연수로275번길 31, 1층 (망미동)",""
"휴게음식점","카페 아반트","부산광역시 수영구 황령대로481번길 60, 2,3층 (남천동)",""
"휴게음식점","컵앤컵커피(cup·cup)","부산광역시 수영구 광안해변로 177, 4~5층 (광안동)",""
"휴게음식점","카페드리에","부산광역시 수영구 수영로521번길 51, 2~3층 (광안동)",""
"휴게음식점","고품격 커피공장 수영구청점","부산광역시 수영구 광남로48번길 12, 1층 (남천동)",""
"휴게음식점","카페소수","부산광역시 수영구 광안로35번길 20, 1층 (광안동)",""
"휴게음식점","카페051광안역점","부산광역시 수영구 수영로575번길 10, 1층 102호 (광안동, 광안 부백 자연애 아파트)",""
"휴게음식점","나쓰커피(Nothing Special Coffee)","부산광역시 수영구 수영로611번길 30, 1층 (광안동)",""
"휴게음식점","컴포즈 광안비치","부산광역시 수영구 광안로62번길 39, 부산광안대우아이빌 1층 105호 (광안동)",""
"휴게음식점","메가엠지씨커피 광안역점","부산광역시 수영구 광안로45번길 2, 101동 1층 101호 (광안동, 광안비취빌리지)",""
"휴게음식점","이디야 부산망미중앙점","부산광역시 수영구 과정로 65, A동 1층 (망미동)",""
"휴게음식점","유동커피 광안해변로165","부산광역시 수영구 광안해변로 165, 광안지웰 에스테이트 102호 (광안동)",""
"휴게음식점","손수해봄","부산광역시 수영구 광서로11번길 41, 1층 (광안동)",""
"휴게음식점","세이(say)22","부산광역시 수영구 민락로 22, 2층 (민락동)",""
"휴게음식점","프흐 드 마망(four de maman)","부산광역시 수영구 황령대로481번길 48, 한성상가 1층 (남천동)",""
"휴게음식점","럭키베이커리","부산광역시 수영구 무학로49번길 71, 광안종합시장(4090) 1층 3,7호 (광안동)",""
"휴게음식점","텐퍼센트커피 광안리점","부산광역시 수영구 광안로 20, 109동 103호 (광안동, 부산 광안동 쌍용 예가 디 오션)",""
"휴게음식점","셀렉토커피 부산광안점","부산광역시 수영구 남천바다로9번길 4, 1층 일부호 (광안동)",""
"휴게음식점","하삼동커피 수영정원센텀점","부산광역시 수영구 수영로652번길 6, 104호 (광안동, 정원센텀뷰)","051-531-3366"
"휴게음식점","카페051 수영광안점","부산광역시 수영구 광일로 12, 1층 (광안동)",""
"휴게음식점","버몬트(VERMONT)","부산광역시 수영구 수영로594번길 37, 1층 (광안동)",""
"휴게음식점","원더러스트","부산광역시 수영구 호암로 54, 1층 (광안동)",""
"휴게음식점","컴포즈커피 망미중앙점","부산광역시 수영구 망미배산로18번길 14, 1층 102호 (망미동, 디아이라뷰)",""
"휴게음식점","카페코나","부산광역시 수영구 황령대로481번길 7, 남천동 한나산부인과 2층 (남천동)",""
"휴게음식점","카페051 오션테라스 수변공원점","부산광역시 수영구 광안해변로326번길 31, 112호 (민락동, e편한세상 오션테라스 4단지)",""
"휴게음식점","랑데자뷰 광안리점","부산광역시 수영구 광안해변로 165, 광안지웰 에스테이트 205호 (광안동)",""
"휴게음식점","비치커피","부산광역시 수영구 광안해변로 95, 비치아파트 에이상가 1층 113호 (남천동)",""
"휴게음식점","베리어스","부산광역시 수영구 무학로63번길 62, 1층 (민락동)",""
"휴게음식점","카페서진","부산광역시 수영구 광일로46번길 8, 상가동 1호 (광안동, 봉황)",""
"휴게음식점","맛나는에너지티쉑","부산광역시 수영구 수영로 743, 1층 (수영동)",""
"휴게음식점","텐퍼센트 민락오션테라스점","부산광역시 수영구 광안해변로326번길 10, 1층 103호 (민락동, e편한세상오션테라스1단지)",""
"휴게음식점","프로듀스썸띵굿(Produce Something Good)","부산광역시 수영구 광서로 31, 1층 101호 (광안동, 신영하이츠)",""
"휴게음식점","노씨커피","부산광역시 수영구 광일로 11, 2~3층 (광안동)",""
"휴게음식점","채워가다","부산광역시 수영구 수영로475번길 9, 1층 (남천동)",""
"휴게음식점","러브얼스","부산광역시 수영구 광안로49번길 32-1, 1층 (광안동)",""
"휴게음식점","유동커피&찰리베이커리","부산광역시 수영구 광안해변로326번길 31, 1층 4단지 107~110호 (민락동, e편한세상 오션테라스 4단지)",""
"휴게음식점","텐퍼센트 수영점","부산광역시 수영구 수영로666번길 6, 1층 107호 (광안동)",""
"휴게음식점","지단씨","부산광역시 수영구 연수로269번길 22, 1층 (망미동)",""
"휴게음식점","던킨(광안리수변공원점)","부산광역시 수영구 광안해변로326번길 31, 1층 4단지 117호 (민락동, e편한세상 오션테라스 4단지)",""
"휴게음식점","모멘트포미(moment for me)","부산광역시 수영구 광안로49번길 1, 102동 1층 102호 (광안동, 광안비취빌리지)",""
"휴게음식점","파스쿠찌 광안비치점","부산광역시 수영구 광안해변로 165, 광안지웰 에스테이트 1~2층 103, 203(일부)호 (광안동)",""
"휴게음식점","러브액츄얼리","부산광역시 수영구 광안로41번길 7, 1층 (광안동)",""
"휴게음식점","텐퍼센트커피 광안광일로점","부산광역시 수영구 광일로14번길 3, 1층 (광안동)",""
"휴게음식점","컴포즈커피 수영연수로점","부산광역시 수영구 망미번영로38번길 110, 107동 1층 105호 (광안동, 광안동일스위트아파트)",""
"휴게음식점","카페051 민락현대점","부산광역시 수영구 수영로741번길 9, 1층 (수영동)",""
"휴게음식점","리얼리티","부산광역시 수영구 광일로29번가길 85, 1층 (광안동)",""
"휴게음식점","청담동(1638)","부산광역시 수영구 수영로394번길 18, 1층 (남천동)",""
"휴게음식점","로뎀나무아래","부산광역시 수영구 남천서로20번길 47-35, 1층 (남천동)",""
"휴게음식점","레이블커피","부산광역시 수영구 수영로666번길 6, 1층 108호 (광안동)",""
"휴게음식점","미니스톱 광안자이점","부산광역시 수영구 호암로29번길 51, 1층 102호 (광안동, 동민그린빌라)",""
"휴게음식점","컴포즈커피 광안자이점","부산광역시 수영구 호암로29번길 50, 303동 104호 (광안동, 광안 자이)",""
"휴게음식점","바인(VINE)","부산광역시 수영구 광서로16번길 55, 1층 (광안동)","070-8878-8667"
"휴게음식점","123","부산광역시 수영구 남천바다로33번길 22, 1층 (광안동)",""
"휴게음식점","달다","부산광역시 수영구 민락본동로 33, 1층 (민락동)",""
"휴게음식점","하삼동커피 망미점","부산광역시 수영구 과정로 69, 1층 (망미동)",""
"휴게음식점","쌀꿈쌀꿈","부산광역시 수영구 남천동로 91, 301동 1층 106(일부)호 (남천동, 남천금호어울림더비치)",""
"휴게음식점","물레방아","부산광역시 수영구 연수로 331, 1층 (망미동)","051-956-7400"
"휴게음식점","밸라다","부산광역시 수영구 연수로 262-1, 1층 (망미동)",""
"휴게음식점","비커피광안점","부산광역시 수영구 수영로 506, 근린생활시설-2동 7호 (광안동, 광안 더샵)",""
"휴게음식점","디그니티(DIGNITY)","부산광역시 수영구 남천동로22번길 27, 남천동 오피스텔 1층 (남천동)",""
"휴게음식점","하이오커피 남천점","부산광역시 수영구 남천바다로10번길 70, A동 1층 104호 (남천동, 정원 센텀뷰남천)",""
"휴게음식점","미소(miso)","부산광역시 수영구 수영로408번길 36, 남천빌딩 1층 (남천동)",""
"휴게음식점","말랑제이(Malang J)","부산광역시 수영구 광안로21번길 43, 지하 1층 (광안동)",""
"휴게음식점","카페 비원","부산광역시 수영구 광안해변로370번길 9-32, 지하1층 B101호 (민락동)",""
"휴게음식점","홍익당","부산광역시 수영구 광안해변로326번길 31, 상가동 1층 111호 (민락동, e편한세상 오션테라스 4단지)",""
"휴게음식점","솔(sol)","부산광역시 수영구 수미로71번길 9, 1층 (망미동)",""
"휴게음식점","카페 부아장","부산광역시 수영구 민락본동로27번길 30, 1층 (민락동)",""
"휴게음식점","웨이크베이크케이크","부산광역시 수영구 민락로 30, 1층 (민락동)",""
"휴게음식점","컴포즈커피 금련산점","부산광역시 수영구 수영로 465, 1층 (남천동)",""
"휴게음식점","오빠커피 남천점","부산광역시 수영구 광남로 12, 1층 (남천동)",""
"휴게음식점","투비해피","부산광역시 수영구 수영로510번길 30, 1층 (광안동)",""
"휴게음식점","푸르릇","부산광역시 수영구 광일로29번가길 26, 1층 (광안동)",""
"휴게음식점","마더맘 에프엔비","부산광역시 수영구 수미로58번길 3, 1층 (수영동)",""
"휴게음식점","땡스몰(Thanks more)","부산광역시 수영구 광일로 49, 상가110동 1층 203호 (광안동, 비치그린아파트)",""
"휴게음식점","커피꽃제작소326","부산광역시 수영구 광안해변로326번길 31, 1층 104(일부)호 (민락동, e편한세상 오션테라스 4단지)",""
"휴게음식점","카페비트윈(CAFE BETWEEN)","부산광역시 수영구 구락로 128, 1층 (망미동)",""
"휴게음식점","코쿠이(COCUY)","부산광역시 수영구 광안로 25, 1층 (광안동)",""
"휴게음식점","여기라때","부산광역시 수영구 연수로275번길 34, 지하 1층 일부호 (망미동)",""
"휴게음식점","컴포즈커피 동방오거리점","부산광역시 수영구 광남로 206, 1층 (민락동)","051-949-3093"
"휴게음식점","할리스커피 부산광안리점","부산광역시 수영구 광안해변로 175, 광안에이파크오션 1~2층 104,202,203,204호 (광안동)",""
"휴게음식점","카페051 남천해변시장점","부산광역시 수영구 광안해변로15번길 65, 남천상가 1층 (남천동)","051-627-1051"
"휴게음식점","원유로 스페셜티 부산광안역점","부산광역시 수영구 수영로 575, 1층 (광안동)",""
"휴게음식점","플러스커피(PLUS COFFEE)","부산광역시 수영구 수미로 62, 1층 (수영동)",""
"휴게음식점","초록나비","부산광역시 수영구 좌수영로83번길 12-1, 1층 (수영동)",""
"휴게음식점","블루샥 수영구청","부산광역시 수영구 남천동로 110-1, 1층 (남천동)",""
"휴게음식점","청솔로9 수영점","부산광역시 수영구 수영로666번길 6, 수영역 삼정그린코아 더시티 1층 109호 (광안동)",""
"휴게음식점","카페올리바","부산광역시 수영구 수영로 505, 1층 (광안동)",""
"휴게음식점","메가엠지씨커피 광안오션브릿지점","부산광역시 수영구 광안해변로278번길 42, 오션브릿지 1층 107호 (민락동)",""
"휴게음식점","카페 제곱","부산광역시 수영구 광안로 4, 광안동에스케이뷰 101호 (광안동)",""
"휴게음식점","휴고바이트","부산광역시 수영구 광남로258번길 6, 1층 (민락동)",""
"휴게음식점","현대모터스튜디오카페","부산광역시 수영구 구락로123번길 20, 아카데미동 1층 (망미동)","02-3464-3904"
"휴게음식점","레 커(LEKKER)","부산광역시 수영구 수영로660번길 41, 1층 (광안동)",""
"휴게음식점","품당","부산광역시 수영구 민락로27번길 26, 1층 (민락동)",""
"휴게음식점","오우커 커피 바(owooker coffee bar)","부산광역시 수영구 수영로660번길 43 (광안동)",""
"휴게음식점","도두당","부산광역시 수영구 수미로26번길 53, 1층 (수영동)",""
"휴게음식점","(주) 엄스","부산광역시 수영구 좌수영로 97, 1층 (망미동)","051-612-1000"
"휴게음식점","텐퍼센트커피 수영SK뷰점","부산광역시 수영구 망미배산로 56, 401동 1층 105호 (망미동, 수영SKVIEW1단지)",""
"휴게음식점","환바이크","부산광역시 수영구 광안해변로 19, 1층 (남천동)",""
"휴게음식점","피그미(pigme)","부산광역시 수영구 황령대로489번길 14, 대성상가 1동 4층 402호 (남천동)",""
"휴게음식점","케희크(Cahuike)","부산광역시 수영구 수영로594번길 94, 1층 (광안동)",""
"휴게음식점","러브이즈기빙 하트베어","부산광역시 수영구 광남로 159, 1층 (광안동)",""
"휴게음식점","블루샥 광안점","부산광역시 수영구 광안로 20, 109(상가)동 1층 106호 (광안동, 부산 광안동 쌍용 예가 디 오션)",""
"휴게음식점","광안사계","부산광역시 수영구 남천바다로21번길 13-1, 1층 (광안동)","051-753-7530"
"휴게음식점","베이킹하루","부산광역시 수영구 광남로 159, 2층 (광안동)",""
"휴게음식점","향유담","부산광역시 수영구 광안로21번가길 30, 1층 (광안동)",""
"휴게음식점","달럽","부산광역시 수영구 광일로29번가길 34, 상가 110동 2층 202호 (광안동, 비치-그린아파트)",""
"휴게음식점","컵넛(cupnut)","부산광역시 수영구 민락로27번길 7, 1층 (민락동)",""
"휴게음식점","카페온(CAFE ON)","부산광역시 수영구 광서로10번길 36, 2층 201호 (광안동, 투섬)",""
"휴게음식점","카페슬로우(cafe slow)","부산광역시 수영구 광남로 39, 성산교회 1층 (남천동)",""
"휴게음식점","코지빌라","부산광역시 수영구 망미번영로63번길 39, 1층 (망미동)",""
"휴게음식점","카페베네 부산민락점","부산광역시 수영구 수영로 769, 1층 (수영동)",""
"휴게음식점","와플칸 남천점","부산광역시 수영구 남천동로 105, 1층 (남천동)",""
"휴게음식점","필더빌커피바(fill the bill coffee bar)","부산광역시 수영구 장대골로31번길 3, 1층 103호 (광안동, 흑석파크)",""
"휴게음식점","케이스페셜(K스페셜)","부산광역시 수영구 광안해변로15번길 77, 남천해변시장 2층 201호 (남천동)",""
"휴게음식점","카페태리(광안점)","부산광역시 수영구 광일로21번길 3, 1층 (광안동)",""
"휴게음식점","카페제곱 수영점","부산광역시 수영구 수영로 690-5, 1층 101호 (광안동)",""
"휴게음식점","정직유부 망미점","부산광역시 수영구 망미배산로10번길 28, 1층 (망미동)",""
"휴게음식점","미쉬에레트","부산광역시 수영구 무학로 37, 1층 (광안동)",""
"휴게음식점","굿모닝커피","부산광역시 수영구 수영로 615, BHS한서병원 제3동 1층 (광안동)",""
"휴게음식점","봉명동내커피","부산광역시 수영구 무학로63번길 47, 1층 (민락동)",""
"휴게음식점","다미당","부산광역시 수영구 과정로91번길 19-1, 1층 (망미동)",""
"휴게음식점","카페 클로버(cafe clover)","부산광역시 수영구 광일로 13, 1층 (광안동)","051-758-0541"
"휴게음식점","주스소소","부산광역시 수영구 남천바다로10번길 5, 1층 (남천동)",""
"휴게음식점","컴포즈커피 오션테라스수변공원점","부산광역시 수영구 광안해변로326번길 32, 1층 108(일부)호 (민락동, e편한세상 오션테라스 3단지)",""
"휴게음식점","북카페","부산광역시 수영구 장대골로 75-6, 1층 (광안동)","051-757-4034"
"휴게음식점","카페수4호점","부산광역시 수영구 광남로257번길 12, 1층 (민락동)",""
"휴게음식점","클러터커피(clutter coffee)","부산광역시 수영구 광안로49번길 11, 1층 (광안동)",""
"휴게음식점","크레스트 커피바","부산광역시 수영구 광남로48번길 12, 2층 (남천동)","051-622-0155"
"휴게음식점","파슈어커피로스터스(FASHO COFFEE ROASTERS)","부산광역시 수영구 구락로 80-1, 1층 (망미동)",""
"휴게음식점","라비체","부산광역시 수영구 광안로61번길 60, 1~2층 106,206호 (민락동)","051-754-3661"
"휴게음식점","셀프바리스타(무인카페)광안점","부산광역시 수영구 광일로29번가길 43, 1층 (광안동)",""
"휴게음식점","오빠커피 광서로점","부산광역시 수영구 광서로9번길 3, 1층 (광안동)",""
"휴게음식점","마들렌보이","부산광역시 수영구 광안로35번길 20, 2층 (광안동)",""
"휴게음식점","달콤하개","부산광역시 수영구 광안해변로 289, 1층 (민락동)",""
"휴게음식점","카페 잇츠 브르레이(cafe it's blray)","부산광역시 수영구 무학로 21, 1층 (광안동)","051-757-9993"
"휴게음식점","앤스하우스(Ann's House)","부산광역시 수영구 연수로357번길 17-10, 1층 (수영동)",""
"휴게음식점","너를담다 해변","부산광역시 수영구 광안해변로 237, 테마타워 6층 (민락동)","051-754-6440"
"휴게음식점","레아파티쓰리","부산광역시 수영구 남천동로9번길 10-12, 1층 (남천동)",""
"휴게음식점","디스크도넛커피스탠드(Disc donut coffee stand)","부산광역시 수영구 민락로33번길 17, 1층 (민락동)",""
"휴게음식점","영커피 수영점","부산광역시 수영구 수영로666번길 6, 수영역 삼정그린코아 더시티 1층 102호 (광안동)",""
"휴게음식점","테네브레 에스프레소 바(Tenebre Espresso Bar)","부산광역시 수영구 민락본동로11번길 52, 1층 (민락동)",""
"휴게음식점","베러먼데이","부산광역시 수영구 수영로464번길 21, 1층 (남천동)",""
"휴게음식점","베러먼데이 배산역점","부산광역시 수영구 연수로 265, 1층 (망미동)",""
"휴게음식점","아워스커피","부산광역시 수영구 무학로9번길 54, 1층 (광안동)",""
"휴게음식점","트리츠커피(Treat Coffee)","부산광역시 수영구 수영로 486, 1층 (남천동)",""
"휴게음식점","호텔오션뷰","부산광역시 수영구 광안해변로278번길 42, 오션브릿지 B동 13층 B1302호 (민락동)",""
"휴게음식점","마우스필","부산광역시 수영구 광안로35번길 11, 1층 (광안동)",""
"휴게음식점","로또앤커피","부산광역시 수영구 광안해변로295번길 3, 1층 101호 (민락동, 드림팰리스)",""
"휴게음식점","유라떼","부산광역시 수영구 연수로310번길 26, 1층 (망미동)",""
"휴게음식점","스윗무드","부산광역시 수영구 수영로510번길 19, 1층 (광안동)",""
"휴게음식점","댄싱컵","부산광역시 수영구 수영로 712, 1층 103호 (광안동)",""
"휴게음식점","로앤그린(LOWNGRIN)","부산광역시 수영구 민락본동로31번길 36, 1층 (민락동)",""
"휴게음식점","드림커피","부산광역시 수영구 남천동로108번길 27, 1층 (남천동)",""
"휴게음식점","카페 드루아(Cafe De' Rua)","부산광역시 수영구 연수로275번길 21, 1층 (망미동)",""
"휴게음식점","헤더베이커리","부산광역시 수영구 망미번영로52번길 64, 1층 (수영동)",""
"휴게음식점","바바배커피","부산광역시 수영구 연수로416번길 69-1, 1층 (광안동)",""
"휴게음식점","오슬로우커피","부산광역시 수영구 민락수변로17번길 36, 1층 137호 (민락동)",""
"휴게음식점","콤마(Comma) 레진아틀리에앤커피","부산광역시 수영구 장대골로45번길 27, 1층 (광안동)",""
"휴게음식점","프루쉬","부산광역시 수영구 수영로 712, 1층 102-1호 (광안동)",""
"휴게음식점","고품격커피공장 민락점","부산광역시 수영구 민락수변로17번길 36, 타워더모스트 광안 1층 108호 (민락동)",""
"휴게음식점","구삼현 COFFEE","부산광역시 수영구 광서로10번길 52, 101호 (광안동, 명성로즈빌)","051-751-9307"
"휴게음식점","미크(Meek)","부산광역시 수영구 망미배산로48번길 8, 1층 (망미동)",""
"휴게음식점","오피피에이(OPPA) 수영연수로점","부산광역시 수영구 광서로10번길 74, 1층 119호 (광안동)",""
"휴게음식점","소미디저트","부산광역시 수영구 수영로 573, 1층 (광안동)",""
"휴게음식점","이마트24 광안부일점","부산광역시 수영구 무학로21번길 105, 1층 101호 (광안동)","051-752-2757"
"휴게음식점","145co커피 남천점","부산광역시 수영구 수영로 396, 1층 (남천동)","051-625-1450"
"휴게음식점","프랜더스(Frienders)","부산광역시 수영구 남천바다로15번길 31, 1층 (광안동)",""
"휴게음식점","메가엠지씨커피 망미점","부산광역시 수영구 망미로30번길 38, 1층 (망미동)",""
"휴게음식점","블루샥 수변공원DT점","부산광역시 수영구 광안해변로344번길 17-19, 1층 (민락동)",""
"휴게음식점","무구디저트","부산광역시 수영구 수영로666번길 68, 1층 (광안동)",""
"휴게음식점","케이크콕","부산광역시 수영구 남천바다로21번길 100-2, 1층 (광안동)",""
"휴게음식점","소예소예","부산광역시 수영구 호암로 45, 202호 (광안동, 광안 에일린의 뜰)",""
"휴게음식점","멜로우씨(mellow.c)커피 로스터스","부산광역시 수영구 연수로 257, 1층 (망미동)",""
"휴게음식점","티티새와 나무","부산광역시 수영구 수영로588번길 27, 1~2층 (광안동)",""
"휴게음식점","카페이정","부산광역시 수영구 광안로 20, 109동 119호 (광안동, 부산 광안동 쌍용 예가 디 오션)",""
